{
  "univariate": {
    "MAE": 1.2558486925235417,
    "RMSE": 1.378365068222794
  },
  "lstm": {
    "MAE": 1.6584839742212465,
    "RMSE": 1.733359985607489
  },
  "persistence": {
    "MAE": 1.2558486634275856,
    "RMSE": 1.3783650417130402
  }
}