{"X": [[[-0.15416888892650604], [0.900016725063324], [0.5910631418228149], [1.0791155099868774], [1.4745726585388184], [1.668652892112732], [1.6207703351974487], [1.386218547821045]], [[0.2884887158870697], [0.4842252731323242], [1.0335625410079956], [1.100317358970642], [1.051401138305664], [1.4330480098724365], [1.3991167545318604], [1.634956955909729]], [[0.24697110056877136], [0.6196416020393372], [0.6125467419624329], [1.3029423952102661], [1.5884896516799927], [1.6348234415054321], [1.1245453357696533], [1.5641331672668457]], [[0.09765829145908356], [0.7631844878196716], [1.1535134315490723], [1.3823413848876953], [1.1043866872787476], [1.5016623735427856], [1.7869949340820312], [1.3513020277023315]], [[0.4040088951587677], [1.0609290599822998], [0.9968645572662354], [1.3780436515808105], [1.9773932695388794], [1.4573861360549927], [1.3803367614746094], [1.1470383405685425]], [[0.5621944069862366], [1.308892011642456], [0.8857195377349854], [1.2093440294265747], [1.5863416194915771], [1.3515342473983765], [1.1081775426864624], [1.354884386062622]], [[0.7361452579498291], [0.7586290836334229], [0.4148751199245453], [1.4959206581115723], [1.3932284116744995], [1.1409132480621338], [1.009048581123352], [1.0140424966812134]], [[0.516104519367218], [0.881412148475647], [1.2072091102600098], [1.299177885055542], [1.325683832168579], [0.8943121433258057], [1.0664877891540527], [0.8651591539382935]], [[1.097941279411316], [1.2925779819488525], [1.2274737358093262], [0.9883400797843933], [0.9450286030769348], [1.1540488004684448], [1.2796128988265991], [0.6268066167831421]], [[1.2661221027374268], [0.8678253889083862], [1.1110172271728516], [0.7626675367355347], [1.0541476011276245], [1.2239776849746704], [0.5892011523246765], [0.6342039704322815]]], "meta": {"nodes": [0, 1, 2, 3, 4, 5, 6, 7], "freq": "synthetic"}}