{
  "univariate": {
    "MAE": 1.2558486925235417,
    "RMSE": 1.378365068222794
  },
  "lstm": {
    "MAE": 1.4389592516749075,
    "RMSE": 1.520154354195245
  },
  "persistence": {
    "MAE": 1.2558486634275856,
    "RMSE": 1.3783650417130402
  }
}